id,source_id,name_ko,name_en,suitable_skin_types,suitable_skin_types_confidence,target_concerns,target_concerns_confidence,duration_minutes,session_count,downtime_days,price_min,price_max,description_ko,description_en,precautions_ko,precautions_en,aftercare_ko,aftercare_en,is_approved,review_notes
f6b1933b-5e61-5f97-b97b-966bee02e6c4,treat-laser-toning,레이저 토닝,Laser Toning,normal|oily|combination|sensitive|dry,0.7,dark_spots|uneven_tone|sun_damage|dullness,0.9,30,5~10회 (1~2주 간격),1,50000,150000,"Laser Toning is a laser treatment to improve skin tone. It targets melanin pigments for a brighter, more even complexion with minimal downtime.","Laser Toning is a laser treatment to improve skin tone. It targets melanin pigments for a brighter, more even complexion with minimal downtime.","Consult your skin condition carefully before the procedure, noting a 1-3 day recovery period. If receiving treatment while traveling, minimize sun exposure and plan your schedule accordingly.","Consult your skin condition carefully before the procedure, noting a 1-3 day recovery period. If receiving treatment while traveling, minimize sun exposure and plan your schedule accordingly.","Apply sunscreen diligently after treatment, and avoid saunas, hot springs, and alcohol. Resume normal activities after a few days, and contact the clinic if redness or itching worsens.","Apply sunscreen diligently after treatment, and avoid saunas, hot springs, and alcohol. Resume normal activities after a few days, and contact the clinic if redness or itching worsens.",,
0722ebef-aa14-5d11-9eb8-21e21443f8ca,treat-pico-toning,피코 토닝,Pico Toning,normal|dry|oily|combination|sensitive,0.75,dark_spots|uneven_tone|sun_damage|dullness|redness,0.85,30,3~5회 (3~4주 간격),3,80000,200000,"Pico Toning selectively targets and breaks down pigments in the skin, effectively treating blemishes and uneven skin tone. This laser treatment boasts minimal discomfort, a short procedure time, and a quick return to daily activities.","Pico Toning selectively targets and breaks down pigments in the skin, effectively treating blemishes and uneven skin tone. This laser treatment boasts minimal discomfort, a short procedure time, and a quick return to daily activities.","Consult with a skincare professional to assess your skin condition before the procedure. Avoid Pico Toning if you have any active inflammation or infections. Expect a downtime of 1-3 days. If you're a tourist, schedule your treatment at least 3 days before any important events and minimize sun exposure.","Consult with a skincare professional to assess your skin condition before the procedure. Avoid Pico Toning if you have any active inflammation or infections. Expect a downtime of 1-3 days. If you're a tourist, schedule your treatment at least 3 days before any important events and minimize sun exposure.","Apply sunscreen diligently after the treatment and avoid saunas, hot springs, and alcohol. Redness and heat should subside within a few days. Consult with your doctor if you experience any unusual symptoms. You can resume normal activities immediately, but refrain from strenuous exercise.","Apply sunscreen diligently after the treatment and avoid saunas, hot springs, and alcohol. Redness and heat should subside within a few days. Consult with your doctor if you experience any unusual symptoms. You can resume normal activities immediately, but refrain from strenuous exercise.",,
f758bc6b-dd30-5826-996b-0c4d541a87fe,treat-picosure-laser,피코슈어 레이저,PicoSure Laser,dry|oily|combination|sensitive|normal,0.7,dark_spots|uneven_tone|sun_damage|wrinkles,0.85,30,3~5회 (3~4주 간격),2,150000,350000,"PicoSure Laser delivers rapid bursts of energy to effectively target and break down pigment. Expect improved skin tone, reduced blemishes, and a relatively short recovery period.","PicoSure Laser delivers rapid bursts of energy to effectively target and break down pigment. Expect improved skin tone, reduced blemishes, and a relatively short recovery period.","Prior to treatment, ensure your skin is thoroughly assessed and consult with your provider if pregnant or have specific medical conditions. Expect a downtime of 1-3 days, so schedule your treatment accordingly if you're a tourist. Avoid excessive sun exposure before and after the procedure.","Prior to treatment, ensure your skin is thoroughly assessed and consult with your provider if pregnant or have specific medical conditions. Expect a downtime of 1-3 days, so schedule your treatment accordingly if you're a tourist. Avoid excessive sun exposure before and after the procedure.","After treatment, diligently apply sunscreen and avoid saunas, hot springs, and alcohol consumption. You can typically resume normal activities once swelling and redness subside. Seek immediate medical attention if any severe side effects occur. Extra careful aftercare is recommended while travelling.","After treatment, diligently apply sunscreen and avoid saunas, hot springs, and alcohol consumption. You can typically resume normal activities once swelling and redness subside. Seek immediate medical attention if any severe side effects occur. Extra careful aftercare is recommended while travelling.",,
5ef4ba4f-7211-568d-9f81-7c61a6cbe8df,treat-fraxel-laser,프락셀 레이저,Fraxel Laser,normal|oily|combination,0.7,wrinkles|dark_spots|pores|uneven_tone|sun_damage|acne,0.8,60,3~5회 (4~6주 간격),7,200000,500000,"The Fraxel Laser stimulates collagen production to improve fine lines, scars, and skin tone. Redness and peeling may occur post-treatment, but recovery is typically within a few days. Experience smoother, healthier-looking skin!","The Fraxel Laser stimulates collagen production to improve fine lines, scars, and skin tone. Redness and peeling may occur post-treatment, but recovery is typically within a few days. Experience smoother, healthier-looking skin!","Consult your skin condition before treatment and expect a 1-3 day recovery period. If you're a tourist, schedule your treatment with enough buffer time, and minimize sun exposure. Avoid harsh scrubs before and after the procedure.","Consult your skin condition before treatment and expect a 5-7 days recovery period. If you're a tourist, schedule your treatment with enough buffer time, and minimize sun exposure. Avoid harsh scrubs before and after the procedure.","After the treatment, apply sunscreen diligently, and avoid saunas, hot springs, and alcohol. Light makeup can be applied once the redness and swelling subside. Focus on moisturizing your skin for soothing and contact your clinic if unusual symptoms occur.","After the treatment, apply sunscreen diligently, and avoid saunas, hot springs, and alcohol. Light makeup can be applied once the redness and swelling subside. Focus on moisturizing your skin for soothing and contact your clinic if unusual symptoms occur.",,
ad6301a3-2911-58c8-b9f0-8124826238e6,treat-co2-fractional-laser,CO2 프락셔널 레이저,CO2 Fractional Laser,oily|normal|combination,0.7,acne|wrinkles|dark_spots|pores|uneven_tone|sun_damage,0.95,45,1~3회 (6~8주 간격),14,200000,600000,"The CO2 Fractional Laser creates tiny perforations in the skin to stimulate collagen production. It's effective for acne scars, pores, and skin tone improvement, with some redness and scabbing after treatment. Recovery typically takes about a week.","The CO2 Fractional Laser creates tiny perforations in the skin to stimulate collagen production. It's effective for acne scars, pores, and skin tone improvement, with some redness and scabbing after treatment. Recovery typically takes about a week.","Consult with your doctor about your skin condition before treatment, and inform them if you are pregnant or taking any medications. Allow for 1-3 days of recovery time, factoring this into your travel plans. Avoid excessive sun exposure before and after the procedure.","Consult with your doctor about your skin condition before treatment, and inform them if you are pregnant or taking any medications. Allow for 7-14 days of recovery time, factoring this into your travel plans. Avoid excessive sun exposure before and after the procedure.","Apply sunscreen diligently after treatment and avoid saunas, hot springs, and alcohol. Let scabs fall off naturally and do not pick at them. If swelling or severe pain persists, seek medical attention. Light makeup is usually possible after about a week.","Apply sunscreen diligently after treatment and avoid saunas, hot springs, and alcohol. Let scabs fall off naturally and do not pick at them. If swelling or severe pain persists, seek medical attention. Light makeup is usually possible after about a week.",,
92315eab-0662-58f1-9fcf-419fc4d6266b,treat-genesis-laser,제네시스 레이저,Genesis Laser,normal|dry|oily|combination|sensitive,0.7,redness|wrinkles|pores|uneven_tone|sun_damage,0.8,30,3~5회 (2~4주 간격),0,50000,150000,"Genesis Laser stimulates collagen production to improve fine lines, redness, and pore size. This quick treatment offers immediate results in skin tone and elasticity with minimal downtime, allowing for a fast return to your daily routine.","Genesis Laser stimulates collagen production to improve fine lines, redness, and pore size. This quick treatment offers immediate results in skin tone and elasticity with minimal downtime, allowing for a fast return to your daily routine.","Avoid using harsh scrubs or prolonged sun exposure before your Genesis Laser treatment to minimize skin irritation. While downtime is minimal (typically 0-2 days), your skin may be sensitive. If you're visiting, schedule your treatment early in your trip and be extra diligent with sun protection.","Avoid using harsh scrubs or prolonged sun exposure before your Genesis Laser treatment to minimize skin irritation. While downtime is minimal (typically 0-2 days), your skin may be sensitive. If you're visiting, schedule your treatment early in your trip and be extra diligent with sun protection.","After your Genesis Laser treatment, diligently apply sunscreen and avoid saunas, hot springs, and alcohol for a few days. Refrain from strenuous exercise. Contact the clinic if redness or heat persists, but most activities can be resumed the next day.","After your Genesis Laser treatment, diligently apply sunscreen and avoid saunas, hot springs, and alcohol for a few days. Refrain from strenuous exercise. Contact the clinic if redness or heat persists, but most activities can be resumed the next day.",,
d5483e49-163d-5438-a098-c9525834cb27,treat-excel-v-laser,엑셀V 레이저,Excel V Laser,normal|combination|oily|sensitive,0.75,redness|dark_spots|uneven_tone|sun_damage,0.85,30,3~5회 (2~4주 간격),1,100000,250000,"The Excel V Laser uses multiple wavelengths to improve skin tone and vascular issues simultaneously. Expect brighter skin and reduced blemishes after the treatment, with swelling or redness subsiding within a few days.","The Excel V Laser uses multiple wavelengths to improve skin tone and vascular issues simultaneously. Expect brighter skin and reduced blemishes after the treatment, with swelling or redness subsiding within a few days.","Avoid excessive sun exposure for at least one week before the treatment. The Excel V Laser requires a 1-3 day recovery period, so please schedule your treatment with ample buffer time. Avoid activities that may irritate the treated area.","Avoid excessive sun exposure for at least one week before the treatment. The Excel V Laser requires a 1-3 day recovery period, so please schedule your treatment with ample buffer time. Avoid activities that may irritate the treated area.","Apply sunscreen diligently after the treatment and minimize direct sun exposure. Avoid alcohol, saunas, hot springs, and intense exercise for at least one week. Contact the clinic if redness or swelling worsens significantly.","Apply sunscreen diligently after the treatment and minimize direct sun exposure. Avoid alcohol, saunas, hot springs, and intense exercise for at least one week. Contact the clinic if redness or swelling worsens significantly.",,
5d15fb14-8c07-57db-9a0e-24ad9b242004,treat-clarity-laser,클라리티 레이저,Clarity Laser,normal|oily|combination|dry|sensitive,0.7,dark_spots|redness|pores|uneven_tone|sun_damage,0.8,30,3~5회 (2~4주 간격),1,80000,200000,"Clarity Laser selectively targets and destroys pigment within the skin, effectively improving blemishes, freckles, and age spots. Some redness may occur post-treatment, but it typically subsides quickly, allowing for a speedy recovery.","Clarity Laser selectively targets and destroys pigment within the skin, effectively improving blemishes, freckles, and age spots. Some redness may occur post-treatment, but it typically subsides quickly, allowing for a speedy recovery.","Avoid excessive sun exposure for two weeks prior to treatment. Expect a downtime of 1-3 days post-treatment. If you are a tourist, schedule your Clarity Laser appointment early in your trip to minimize sun exposure and avoid strenuous activities afterwards.","Avoid excessive sun exposure for two weeks prior to treatment. Expect a downtime of 1-3 days post-treatment. If you are a tourist, schedule your Clarity Laser appointment early in your trip to minimize sun exposure and avoid strenuous activities afterwards.","Apply sunscreen diligently after treatment and avoid direct sun exposure. Refrain from saunas, hot springs, and alcohol for a few days. Consult a professional immediately if you notice any unusual signs on your skin. Normal activities can usually resume within a week.","Apply sunscreen diligently after treatment and avoid direct sun exposure. Refrain from saunas, hot springs, and alcohol for a few days. Consult a professional immediately if you notice any unusual signs on your skin. Normal activities can usually resume within a week.",,
05af28bb-cb26-53e6-ba31-cfc88d6b0970,treat-ipl-phototherapy,IPL 광선 치료,IPL Light Therapy,normal|oily|combination|dry,0.7,dark_spots|redness|uneven_tone|sun_damage,0.85,40,3~5회 (3~4주 간격),1,60000,180000,"IPL Light Therapy uses broad-spectrum light to target pigment issues and improve skin tone. Expect some redness post-treatment that typically subsides within a few days, revealing overall skin texture improvement.","IPL Light Therapy uses broad-spectrum light to target pigment issues and improve skin tone. Expect some redness post-treatment that typically subsides within a few days, revealing overall skin texture improvement.","Avoid direct sun exposure for at least a week before your IPL treatment. Due to potential skin sensitivity, carefully plan your treatment date within your travel itinerary, allowing for a 1-3 day recovery period.","Avoid direct sun exposure for at least a week before your IPL treatment. Due to potential skin sensitivity, carefully plan your treatment date within your travel itinerary, allowing for a 1-3 day recovery period.","After your IPL treatment, diligently apply sunscreen and avoid saunas, hot springs, and alcohol. Light makeup is usually fine once redness subsides. Contact a professional immediately if any unusual symptoms appear.","After your IPL treatment, diligently apply sunscreen and avoid saunas, hot springs, and alcohol. Light makeup is usually fine once redness subsides. Contact a professional immediately if any unusual symptoms appear.",,
60fab3a9-dc22-59f9-abbf-edeeaec20a05,treat-ulthera-lifting,울쎄라 리프팅,Ultherapy Lifting,dry|oily|combination|sensitive|normal,0.7,wrinkles|pores|dullness,0.85,30,1~2회 (12~18개월 유지),2,500000,2000000,"Ultherapy Lifting uses focused ultrasound energy to stimulate collagen production deep within the skin, improving elasticity. Expect some initial redness or swelling, which typically subsides within a few days, revealing natural-looking lifting results.","Ultherapy Lifting uses focused ultrasound energy to stimulate collagen production deep within the skin, improving elasticity. Expect some initial redness or swelling, which typically subsides within a few days, revealing natural-looking lifting results.","Before treatment, ensure your skin is thoroughly assessed, and consult a professional if you have any inflammation or skin conditions. Ultherapy Lifting requires approximately 1-3 days of recovery, so plan your treatment accordingly. Avoid excessive sun exposure post-treatment, especially while traveling.","Before treatment, ensure your skin is thoroughly assessed, and consult a professional if you have any inflammation or skin conditions. Ultherapy Lifting requires approximately 1-2 days of recovery, so plan your treatment accordingly. Avoid excessive sun exposure post-treatment, especially while traveling.","For a few days post-treatment, avoid direct sun exposure, saunas, hot springs, and alcohol. Light makeup is usually fine the next day, but consult your doctor if redness or swelling worsens. You can resume normal activities almost immediately, but refrain from harsh activities until your skin is fully recovered.","For a few days post-treatment, avoid direct sun exposure, saunas, hot springs, and alcohol. Light makeup is usually fine the next day, but consult your doctor if redness or swelling worsens. You can resume normal activities almost immediately, but refrain from harsh activities until your skin is fully recovered.",,
8cf5a517-7e44-5043-b19c-4a77c3ca116a,treat-thermage-flx,써마지 FLX,Thermage FLX,dry|oily|combination|sensitive|normal,0.7,wrinkles|pores|dullness|uneven_tone,0.9,30,1회 (12~24개월 유지),0,500000,2500000,"Thermage FLX uses radiofrequency energy to stimulate collagen production for tighter, smoother skin. This treatment effectively reduces wrinkles and improves skin elasticity, providing both immediate lifting and natural-looking results. Expect minimal downtime, allowing you to quickly return to your daily activities.","Thermage FLX uses radiofrequency energy to stimulate collagen production for tighter, smoother skin. This treatment effectively reduces wrinkles and improves skin elasticity, providing both immediate lifting and natural-looking results. Expect minimal downtime, allowing you to quickly return to your daily activities.","Consult with a professional about your skin condition before the procedure, and note that it may not be suitable for those with inflammation or skin diseases. Thermage FLX typically requires 1-3 days recovery. If you're a tourist, schedule your treatment early in your trip and allow for some downtime. Minimize sun exposure and avoid strenuous exercise or saunas post-treatment.","Consult with a professional about your skin condition before the procedure, and note that it may not be suitable for those with inflammation or skin diseases. Thermage FLX typically requires minimal redness for a few hours recovery. If you're a tourist, schedule your treatment early in your trip and allow for some downtime. Minimize sun exposure and avoid strenuous exercise or saunas post-treatment.","After the treatment, diligently apply sunscreen and avoid direct sun exposure. Refrain from alcohol, saunas, and hot springs as they can cause inflammation. Contact the clinic if you experience severe swelling or redness. You can gradually resume your normal activities after a few days.","After the treatment, diligently apply sunscreen and avoid direct sun exposure. Refrain from alcohol, saunas, and hot springs as they can cause inflammation. Contact the clinic if you experience severe swelling or redness. You can gradually resume your normal activities after a few days.",,
463e6efd-3561-5bea-9290-5aa6b64e415c,treat-shurink-universe,슈링크 유니버스,Shrink Universe,dry|oily|combination|sensitive|normal,0.7,wrinkles|pores,0.75,30,1~2회 (6~12개월 유지),0,200000,800000,Shrink Universe delivers focused energy deep into the skin to stimulate collagen production and improve elasticity. Expect immediate tightening with gradual lifting results and minimal downtime.,Shrink Universe delivers focused energy deep into the skin to stimulate collagen production and improve elasticity. Expect immediate tightening with gradual lifting results and minimal downtime.,"Before treatment, ensure your skin is thoroughly assessed and consult with a medical professional if you are pregnant or have any underlying health conditions. Expect 1-3 days recovery. If you're a tourist, schedule your treatment well in advance of any major events, minimize sun exposure, and avoid other aggressive procedures.","Before treatment, ensure your skin is thoroughly assessed and consult with a medical professional if you are pregnant or have any underlying health conditions. Expect minimal redness for a few hours recovery. If you're a tourist, schedule your treatment well in advance of any major events, minimize sun exposure, and avoid other aggressive procedures.","After treatment, apply sunscreen diligently and avoid saunas, hot springs, and alcohol. Redness or swelling should subside within a few days, and you can typically resume normal activities immediately. Seek medical attention if you experience excessive irritation or inflammation.","After treatment, apply sunscreen diligently and avoid saunas, hot springs, and alcohol. Redness or swelling should subside within a few days, and you can typically resume normal activities immediately. Seek medical attention if you experience excessive irritation or inflammation.",,
6c3a5ea2-f67a-59a9-a06b-4b4829df4541,treat-v-beam-laser,브이빔 레이저,V-Beam Laser,normal|sensitive|combination|oily|dry,0.7,redness|dark_spots|sun_damage|uneven_tone,0.85,30,3~5회 (2~4주 간격),2,80000,200000,"The V-Beam laser targets and treats vascular issues like redness, acne scars, and vascular lesions. Expect a reduction in visible imperfections with minimal downtime, typically involving slight redness that subsides within a few days.","The V-Beam laser targets and treats vascular issues like redness, acne scars, and vascular lesions. Expect a reduction in visible imperfections with minimal downtime, typically involving slight redness that subsides within a few days.","Minimize sun exposure before your V-Beam treatment and diligently apply sunscreen. As bruising or swelling is possible, schedule your procedure with at least 1-3 days of recovery time in mind. Avoid irritating the treated area.","Minimize sun exposure before your V-Beam treatment and diligently apply sunscreen. As bruising or swelling is possible, schedule your procedure with at least 1-3 days of recovery time in mind. Avoid irritating the treated area.","After your V-Beam treatment, strictly avoid sun exposure and activities like saunas, hot springs, and alcohol consumption. Light makeup can be applied once redness subsides. Normal activities can usually be resumed after 2-3 days. Contact your clinic if you experience severe swelling or persistent pain.","After your V-Beam treatment, strictly avoid sun exposure and activities like saunas, hot springs, and alcohol consumption. Light makeup can be applied once redness subsides. Normal activities can usually be resumed after 2-3 days. Contact your clinic if you experience severe swelling or persistent pain.",,
55bc8f05-026a-5d51-a6fa-9efe896a7698,treat-revlite-laser,레블라이트 레이저,Reblite Laser,normal|oily|combination|sensitive,0.7,dark_spots|uneven_tone|pores|redness,0.8,30,5~10회 (1~2주 간격),1,60000,180000,"The Reblite Laser selectively targets melanin to effectively improve blemishes, freckles, and sunspots. Expect temporary redness after treatment, followed by a clearer and brighter complexion with a short recovery period.","The Reblite Laser selectively targets melanin to effectively improve blemishes, freckles, and sunspots. Expect temporary redness after treatment, followed by a clearer and brighter complexion with a short recovery period.","An accurate skin diagnosis is crucial before treatment. Allow for 1-3 days of recovery following the Reblite Laser procedure and plan your schedule accordingly. Avoid strong sun exposure before and after treatment, especially if you are a tourist.","An accurate skin diagnosis is crucial before treatment. Allow for 1-3 days of recovery following the Reblite Laser procedure and plan your schedule accordingly. Avoid strong sun exposure before and after treatment, especially if you are a tourist.","Apply sunscreen diligently after the treatment and avoid saunas, hot springs, and alcohol. Light makeup can be applied after a few days. Watch for signs of skin irritation or inflammation and seek medical attention if they occur. Consult with a professional if swelling or redness persists.","Apply sunscreen diligently after the treatment and avoid saunas, hot springs, and alcohol. Light makeup can be applied after a few days. Watch for signs of skin irritation or inflammation and seek medical attention if they occur. Consult with a professional if swelling or redness persists.",,
a6a39241-c7b5-5c25-bc1e-eaa81a3ac7a8,treat-lutronic-hollywood-peel,루트로닉 할리우드 필링,Lutronic Hollywood Peeling,normal|oily|combination,0.7,pores|dullness|uneven_tone|sun_damage,0.8,30,3~5회 (2~4주 간격),0,100000,250000,Lutronic Hollywood Peeling uses laser technology to stimulate collagen production and improve skin tone. Experience immediate brightening and a short recovery period after treatment.,Lutronic Hollywood Peeling uses laser technology to stimulate collagen production and improve skin tone. Experience immediate brightening and a short recovery period after treatment.,"Prior to treatment, a skin assessment is necessary, and expect a 1-3 day recovery period. If scheduling this during your trip, minimize sun exposure and book your appointment with ample buffer time.","Prior to treatment, a skin assessment is necessary, and expect a 1-3 day recovery period. If scheduling this during your trip, minimize sun exposure and book your appointment with ample buffer time.","After the peeling, prioritize sun protection and avoid saunas, hot springs, and alcohol. You can resume normal activities within a few days. Contact your provider if you notice any unusual symptoms.","After the peeling, prioritize sun protection and avoid saunas, hot springs, and alcohol. You can resume normal activities within a few days. Contact your provider if you notice any unusual symptoms.",,
caa628ee-99fe-5125-b391-3a55ae4033b9,treat-aqua-peel,아쿠아필,Aqua Peel,oily|combination|normal|sensitive|dry,0.9,acne|pores|dullness|uneven_tone|dryness,0.85,30,2~4주 간격 반복,0,50000,120000,"Aqua Peel deeply cleanses pores, removes impurities and exfoliates dead skin cells while hydrating the skin. Experience immediate skin improvement with minimal downtime.","Aqua Peel deeply cleanses pores, removes impurities and exfoliates dead skin cells while hydrating the skin. Experience immediate skin improvement with minimal downtime.","Consult with a professional about your skin condition before undergoing Aqua Peel. Expect 1-3 days of recovery. Tourists should schedule the treatment early in their trip, minimize sun exposure, and avoid strenuous activities post-treatment.","Consult with a professional about your skin condition before undergoing Aqua Peel. Expect 1-3 days of recovery. Tourists should schedule the treatment early in their trip, minimize sun exposure, and avoid strenuous activities post-treatment.","After the treatment, diligently apply sunscreen. Avoid saunas, hot springs, and alcohol consumption. Normal activities can usually resume after 1-2 days, but consult a professional if you experience severe redness or itching.","After the treatment, diligently apply sunscreen. Avoid saunas, hot springs, and alcohol consumption. Normal activities can usually resume after 1-2 days, but consult a professional if you experience severe redness or itching.",,
2acbfb79-6973-5de6-ac1f-68776b53a66f,treat-salicylic-acid-peel,살리실산 필링,Salicylic Acid Peel,oily|combination|normal,0.8,acne|pores|uneven_tone|dark_spots,0.9,30,3~6회 (2~4주 간격),2,30000,80000,"Salicylic acid peels exfoliate the skin and clear pores, leading to improved skin texture. Redness may occur post-treatment, but recovery is typically quick, revealing smoother, brighter skin within a few days.","Salicylic acid peels exfoliate the skin and clear pores, leading to improved skin texture. Redness may occur post-treatment, but recovery is typically quick, revealing smoother, brighter skin within a few days.","Avoid strong sun exposure for at least a week before your peel. Plan your treatment with enough buffer time during your trip, as your skin will be more sensitive. Expect a downtime of 1-3 days for recovery.","Avoid strong sun exposure for at least a week before your peel. Plan your treatment with enough buffer time during your trip, as your skin will be more sensitive. Expect a downtime of 1-3 days for recovery.","After the peel, diligently apply sunscreen and avoid saunas, hot springs, and alcohol. Light makeup can usually be resumed after a few days. Consult a professional immediately if you experience any skin irritation or inflammation.","After the peel, diligently apply sunscreen and avoid saunas, hot springs, and alcohol. Light makeup can usually be resumed after a few days. Consult a professional immediately if you experience any skin irritation or inflammation.",,
6fcd4565-5faa-53d5-a94b-51fc7a3285ce,treat-brightening-peel,미백 필링,Whitening Peeling,oily|combination|normal,0.75,dark_spots|dullness|uneven_tone,0.85,30,3~6회 (2~4주 간격),3,50000,120000,"Whitening Peeling gently exfoliates to brighten dull skin, revealing a clearer, more radiant complexion. This treatment promotes skin renewal, with temporary redness being a common side effect.","Whitening Peeling gently exfoliates to brighten dull skin, revealing a clearer, more radiant complexion. This treatment promotes skin renewal, with temporary redness being a common side effect.","Consult your skin condition before treatment and avoid using harsh cosmetics. Allow for a 1-3 day recovery period. If getting this treatment during travel, schedule it early in your trip and minimize sun exposure.","Consult your skin condition before treatment and avoid using harsh cosmetics. Allow for a 1-3 day recovery period. If getting this treatment during travel, schedule it early in your trip and minimize sun exposure.","After the peeling, prioritize sun protection and avoid saunas, hot springs, and alcohol. Light activities can usually be resumed after a few days. If redness or itching worsens, consult a professional immediately.","After the peeling, prioritize sun protection and avoid saunas, hot springs, and alcohol. Light activities can usually be resumed after a few days. If redness or itching worsens, consult a professional immediately.",,
341e2524-ff1e-58e7-9fd2-df89979d9f63,treat-lactic-acid-peel,젖산 필링,Lactic Acid Peel,dry|normal|combination|sensitive,0.75,uneven_tone|dark_spots|dullness|dryness|wrinkles,0.8,30,3~6회 (2~4주 간격),1,30000,80000,"Lactic acid peels gently exfoliate, improving skin texture and tone. Expect smoother skin within days, with minimal downtime.","Lactic acid peels gently exfoliate, improving skin texture and tone. Expect smoother skin within days, with minimal downtime.","Avoid strong sun exposure at least a week before treatment, as skin sensitivity may increase. Plan your schedule accordingly, allowing for 1-3 days of recovery. Tourists should avoid scheduling before outdoor intensive plans.","Avoid strong sun exposure at least a week before treatment, as skin sensitivity may increase. Plan your schedule accordingly, allowing for 1-3 days of recovery. Tourists should avoid scheduling before outdoor intensive plans.","Apply sunscreen diligently after treatment, and avoid saunas, hot springs, and alcohol. Resume normal activities in 2-3 days. Consult a professional immediately if redness or itching worsens.","Apply sunscreen diligently after treatment, and avoid saunas, hot springs, and alcohol. Resume normal activities in 2-3 days. Consult a professional immediately if redness or itching worsens.",,
f00bb817-d3ce-589e-9657-f06e37d828f8,treat-glutathione-whitening-treatment,글루타치온 화이트닝,Glutathione Whitening,normal|combination|oily|dry,0.7,dullness|uneven_tone|dark_spots,0.9,45,1~2주 간격 반복,0,80000,200000,"Glutathione Whitening brightens your complexion from within, reducing dullness and promoting a clear, radiant skin tone. This treatment offers quick recovery, allowing you to resume your daily activities with minimal downtime.","Glutathione Whitening brightens your complexion from within, reducing dullness and promoting a clear, radiant skin tone. This treatment offers quick recovery, allowing you to resume your daily activities with minimal downtime.","Prior to the treatment, ensure your skin is thoroughly assessed. Expect a recovery period of 1-3 days. If you're a tourist, minimize sun exposure and schedule your treatment allowing ample time within your travel itinerary.","Prior to the treatment, ensure your skin is thoroughly assessed. Expect a recovery period of minimal downtime. If you're a tourist, minimize sun exposure and schedule your treatment allowing ample time within your travel itinerary.","After the treatment, protect your skin from the sun. Avoid saunas, hot springs, and alcohol consumption. You can resume normal activities once swelling or redness subsides. Consult a professional immediately if any unusual symptoms occur.","After the treatment, protect your skin from the sun. Avoid saunas, hot springs, and alcohol consumption. You can resume normal activities once swelling or redness subsides. Consult a professional immediately if any unusual symptoms occur.",,
d11fff24-3c10-53bf-aa0d-9e125399bac0,treat-dermapen-microneedling-mts,더마펜 MTS,DermaPen MTS,oily|combination|normal,0.7,acne|wrinkles|pores|uneven_tone,0.8,60,3~6회 (4주 간격),5,100000,250000,"DermaPen MTS uses tiny needles to stimulate collagen production. This treatment improves skin texture, minimizes pores, and reduces scars, with a natural recovery within a few days.","DermaPen MTS uses tiny needles to stimulate collagen production. This treatment improves skin texture, minimizes pores, and reduces scars, with a natural recovery within a few days.","Before treatment, ensure your skin is properly assessed. Expect a downtime of 1-3 days. If you're traveling, minimize sun exposure and schedule your treatment accordingly.","Before treatment, ensure your skin is properly assessed. Expect a downtime of 3-5 days. If you're traveling, minimize sun exposure and schedule your treatment accordingly.","After the treatment, diligently apply sunscreen and avoid saunas, hot springs, and alcohol. You can resume light activities after a few days. Watch for any unusual skin reactions and consult a specialist if needed.","After the treatment, diligently apply sunscreen and avoid saunas, hot springs, and alcohol. You can resume light activities after a few days. Watch for any unusual skin reactions and consult a specialist if needed.",,
76d00f13-0bd7-515b-a3e5-013af7df8587,treat-rejuran-healer,리쥬란 힐러,Rejuran Healer,dry|normal|combination|sensitive,0.9,wrinkles|dryness|dullness|uneven_tone,0.85,45,3~4회 (2~4주 간격),3,200000,400000,"Rejuran Healer promotes collagen production from within, improving skin texture, elasticity, and reducing fine lines. You can expect to see visible skin improvements within days with minimal downtime.","Rejuran Healer promotes collagen production from within, improving skin texture, elasticity, and reducing fine lines. You can expect to see visible skin improvements within days with minimal downtime.","Consult with your doctor about your skin condition before the procedure. Bruising or swelling may occur, and recovery typically takes 1-3 days. If you are a tourist, schedule your treatment early in your trip and minimize sun exposure.","Consult with your doctor about your skin condition before the procedure. Bruising or swelling may occur, and recovery typically takes 1-3 days. If you are a tourist, schedule your treatment early in your trip and minimize sun exposure.","For a few days after the treatment, avoid strong sunlight, saunas, hot springs, and alcohol. If swelling or bruising worsens, or you notice any other unusual symptoms, contact your clinic immediately. Light cleansing and makeup are generally possible from the next day.","For a few days after the treatment, avoid strong sunlight, saunas, hot springs, and alcohol. If swelling or bruising worsens, or you notice any other unusual symptoms, contact your clinic immediately. Light cleansing and makeup are generally possible from the next day.",,
c06ff00d-536a-5be2-b50a-e1dc62895306,treat-salmon-dna-injection-pdrn,연어주사 (PDRN),Salmon DNA Injection (PDRN),dry|oily|combination|sensitive|normal,0.75,wrinkles|dryness|dullness|uneven_tone,0.85,45,3~4회 (2~4주 간격),1,150000,350000,"Salmon DNA injections with PDRN revitalize skin by stimulating collagen production and improving elasticity. Experience a healthy, radiant complexion with minimal downtime, allowing you to quickly resume your routine.","Salmon DNA injections with PDRN revitalize skin by stimulating collagen production and improving elasticity. Experience a healthy, radiant complexion with minimal downtime, allowing you to quickly resume your routine.","Consult with a skincare professional regarding your skin condition before treatment. Be aware of a potential 1-3 day recovery period. If you're visiting, schedule your appointment early in your trip and minimize sun exposure beforehand.","Consult with a skincare professional regarding your skin condition before treatment. Be aware of a potential 1-3 day recovery period. If you're visiting, schedule your appointment early in your trip and minimize sun exposure beforehand.","Avoid direct sun exposure, saunas, hot springs, and alcohol for a few days post-treatment. You can resume normal activities once any swelling or bruising subsides. Contact a clinic if you notice unusual symptoms.","Avoid direct sun exposure, saunas, hot springs, and alcohol for a few days post-treatment. You can resume normal activities once any swelling or bruising subsides. Contact a clinic if you notice unusual symptoms.",,
24671152-3f69-59eb-86b7-1991314f844b,treat-stem-cell-skin-rejuvenation,줄기세포 피부 재생,Stem Cell Skin Regeneration,dry|normal|combination|sensitive,0.8,wrinkles|dullness|uneven_tone|dryness,0.75,45,3~5회 (2~4주 간격),2,200000,500000,"Stem Cell Skin Regeneration is a premium treatment that revitalizes your skin from within. It improves damaged skin, restoring elasticity and radiance for a healthier, more youthful appearance.","Stem Cell Skin Regeneration is a premium treatment that revitalizes your skin from within. It improves damaged skin, restoring elasticity and radiance for a healthier, more youthful appearance.","Prior consultation regarding your skin condition is essential. Expect a recovery period of 1-3 days, so schedule accordingly, especially if you are traveling. Minimizing sun exposure after the treatment is crucial.","Prior consultation regarding your skin condition is essential. Expect a recovery period of 1-3 days, so schedule accordingly, especially if you are traveling. Minimizing sun exposure after the treatment is crucial.","After the treatment, apply sunscreen diligently and avoid saunas, hot springs, and alcohol. You can resume normal activities once swelling or redness subsides. Consult a doctor immediately if you experience any unusual symptoms.","After the treatment, apply sunscreen diligently and avoid saunas, hot springs, and alcohol. You can resume normal activities once swelling or redness subsides. Consult a doctor immediately if you experience any unusual symptoms.",,
fa016c62-7c00-58df-8e06-caf72647b76e,treat-ldm-ultrasound-moisturizing,LDM 초음파 보습,LDM Ultrasonic Hydration Treatment,dry|sensitive|normal|combination|oily,0.9,dryness|dullness,0.8,45,"주 1~2회, 8~12회",0,50000,130000,"LDM Ultrasonic Hydration Treatment deeply infuses moisture into the skin, strengthening the skin barrier and improving elasticity. Experience immediate hydration and radiance with no downtime required, allowing you to return to your daily activities right away.","LDM Ultrasonic Hydration Treatment deeply infuses moisture into the skin, strengthening the skin barrier and improving elasticity. Experience immediate hydration and radiance with no downtime required, allowing you to return to your daily activities right away.","A consultation is recommended to assess your skin condition before the treatment, and redness or temporary sensitivity may occur afterward. Plan your travel schedule considering a 1-3 day recovery period, and avoid excessive sun exposure before the treatment.","A consultation is recommended to assess your skin condition before the treatment, and redness or temporary sensitivity may occur afterward. Plan your travel schedule considering a minimal downtime (a few hours), and avoid excessive sun exposure before the treatment.","Apply sunscreen diligently after the treatment and avoid saunas, hot springs, and alcohol for a few days. Light makeup is generally acceptable the next day, but discontinue use immediately if you experience skin irritation and consult a professional.","Apply sunscreen diligently after the treatment and avoid saunas, hot springs, and alcohol for a few days. Light makeup is generally acceptable the next day, but discontinue use immediately if you experience skin irritation and consult a professional.",,
e215c44d-777a-56ff-8fd3-883928454e26,treat-botox-forehead,보톡스 이마,Botox Forehead,normal|oily|combination|dry|sensitive,0.7,wrinkles,0.95,20,3~6개월마다 반복,0,50000,150000,"Botox Forehead injections relax forehead muscles to smooth out wrinkles. Results appear within days, offering quick treatment with minimal downtime. Expect a natural wrinkle reduction.","Botox Forehead injections relax forehead muscles to smooth out wrinkles. Results appear within days, offering quick treatment with minimal downtime. Expect a natural wrinkle reduction.","Avoid aspirin or anticoagulants before treatment. Bruising or swelling may occur with a 1-3 day recovery. If scheduling during travel, allow ample time and avoid direct sun exposure immediately after the procedure.","Avoid aspirin or anticoagulants before treatment. Bruising or swelling may occur with a minimal downtime recovery. If scheduling during travel, allow ample time and avoid direct sun exposure immediately after the procedure.","Avoid saunas, hot springs, and alcohol for a few days post-treatment. Gentle cleansing and makeup are usually fine the next day. Contact your doctor if you experience severe pain or adverse reactions. Normal activities can resume quickly, but avoid strenuous exercise.","Avoid saunas, hot springs, and alcohol for a few days post-treatment. Gentle cleansing and makeup are usually fine the next day. Contact your doctor if you experience severe pain or adverse reactions. Normal activities can resume quickly, but avoid strenuous exercise.",,
a5a9db4a-4f6a-558e-a4aa-8008c4203c02,treat-botox-crow-s-feet,보톡스 눈가,Botox Eye Care,normal|dry|combination|oily,0.75,wrinkles,0.95,20,3~6개월마다 반복,0,50000,120000,"Botox Eye Care targets wrinkles around the eyes. This precise treatment delivers a natural-looking result, softening fine lines and creating a more youthful appearance. Minimal downtime allows for a quick return to your daily routine.","Botox Eye Care targets wrinkles around the eyes. This precise treatment delivers a natural-looking result, softening fine lines and creating a more youthful appearance. Minimal downtime allows for a quick return to your daily routine.","Expect 1-3 days of potential downtime post-treatment. If you're visiting, factor this into your travel schedule. Avoid prolonged sun exposure that could irritate the treated area.","Expect minimal downtime of potential downtime post-treatment. If you're visiting, factor this into your travel schedule. Avoid prolonged sun exposure that could irritate the treated area.","Avoid sun exposure, saunas, hot springs, and alcohol for a few days post-treatment. You can generally resume normal activities immediately, but expect potential bruising or swelling. Seek medical attention if you experience severe pain or unusual symptoms.","Avoid sun exposure, saunas, hot springs, and alcohol for a few days post-treatment. You can generally resume normal activities immediately, but expect potential bruising or swelling. Seek medical attention if you experience severe pain or unusual symptoms.",,
5cadc991-7881-56eb-9397-828ab83ba913,treat-botox-jawline-masseter,보톡스 턱 (사각턱),Botox for Jaw (Square Jaw),dry|oily|combination|sensitive|normal,0,wrinkles,0.7,20,3~6개월마다 반복,0,80000,200000,"Botox for the jaw relaxes the masseter muscles, responsible for a square jaw, creating a slimmer jawline. This quick injection provides noticeable results with minimal downtime, allowing you to resume your daily routine soon after.","Botox for the jaw relaxes the masseter muscles, responsible for a square jaw, creating a slimmer jawline. This quick injection provides noticeable results with minimal downtime, allowing you to resume your daily routine soon after.","Avoid blood-thinning medications like aspirin or ibuprofen before treatment. Some bruising or swelling is possible, with a recovery period of 1-3 days. If you're a tourist, schedule your treatment well in advance of important events, and minimize sun exposure.","Avoid blood-thinning medications like aspirin or ibuprofen before treatment. Some bruising or swelling is possible, with a recovery period of minimal downtime. If you're a tourist, schedule your treatment well in advance of important events, and minimize sun exposure.","Avoid alcohol, saunas, and hot springs for a few days after the procedure. Light exercise is okay, but refrain from strenuous activities. Contact the clinic immediately if you notice any adverse reactions. Swelling typically subsides within 1-2 weeks, and the full effect will gradually appear.","Avoid alcohol, saunas, and hot springs for a few days after the procedure. Light exercise is okay, but refrain from strenuous activities. Contact the clinic immediately if you notice any adverse reactions. Swelling typically subsides within 1-2 weeks, and the full effect will gradually appear.",,
c44ef1da-54fe-59a0-9132-0b1a19b194f2,treat-filler-nasolabial-folds,필러 팔자주름,Filler Nasolabial Folds,dry|oily|combination|sensitive|normal,0.6,wrinkles,0.95,30,6~18개월마다 반복,5,200000,500000,"Filler injections smooth nasolabial folds, restoring a youthful appearance. The procedure is quick with immediate results. Expect some swelling and bruising that subsides within a few days.","Filler injections smooth nasolabial folds, restoring a youthful appearance. The procedure is quick with immediate results. Expect some swelling and bruising that subsides within a few days.","Avoid aspirin or blood thinners before treatment. Expect 1-3 days of downtime for potential swelling or bruising. If you're visiting, schedule your appointment early in your trip to minimize sun exposure and strenuous activities afterward.","Avoid aspirin or blood thinners before treatment. Expect 3-5 days of downtime for potential swelling or bruising. If you're visiting, schedule your appointment early in your trip to minimize sun exposure and strenuous activities afterward.","Avoid alcohol, saunas, and hot springs for a few days post-treatment. Light activities are fine immediately, and normal activities can resume within a week. Watch for signs of infection or unusual pain and contact the clinic if concerned. Protect the treated area from the sun.","Avoid alcohol, saunas, and hot springs for a few days post-treatment. Light activities are fine immediately, and normal activities can resume within a week. Watch for signs of infection or unusual pain and contact the clinic if concerned. Protect the treated area from the sun.",,
43cc66aa-115c-5f8e-82ec-88c7e4f80330,treat-lip-filler,필러 입술,Lip Filler,dry|oily|combination|sensitive|normal,0.7,wrinkles,0.4,30,6~18개월마다 반복,4,200000,500000,"Lip fillers enhance lip volume and definition through precise injections, creating your desired lip shape. See immediate results with minimal downtime. Enjoy naturally beautiful and fuller lips.","Lip fillers enhance lip volume and definition through precise injections, creating your desired lip shape. See immediate results with minimal downtime. Enjoy naturally beautiful and fuller lips.",Be aware of potential bruising or swelling. Tourists should plan for 1-3 days of recovery and discontinue aspirin or anticoagulants at least one week prior. Avoid excessive sun exposure before treatment.,Be aware of potential bruising or swelling. Tourists should plan for 3-5 days of recovery and discontinue aspirin or anticoagulants at least one week prior. Avoid excessive sun exposure before treatment.,"Avoid excessive sun exposure, saunas, hot springs, and alcohol for a few days. Light activities can be resumed immediately, but avoid strenuous exercise for about a week. Contact the clinic if swelling, bruising, or pain worsens.","Avoid excessive sun exposure, saunas, hot springs, and alcohol for a few days. Light activities can be resumed immediately, but avoid strenuous exercise for about a week. Contact the clinic if swelling, bruising, or pain worsens.",,
a4debc91-0797-5333-91cf-2401694154d8,treat-skin-botox-meso-botox,스킨보톡스,Skin Botox,normal|dry|oily|combination|sensitive,0.7,wrinkles|pores|dullness,0.85,20,3~6개월마다 반복,0,100000,250000,"Skin Botox involves injecting small doses of Botox into the skin to improve fine lines, minimize pores, and refine skin texture. This quick procedure enhances skin elasticity with minimal downtime.","Skin Botox involves injecting small doses of Botox into the skin to improve fine lines, minimize pores, and refine skin texture. This quick procedure enhances skin elasticity with minimal downtime.","Avoid blood-thinning medications like aspirin or ibuprofen for one week prior to treatment. Bruising or swelling is possible, requiring 1-3 days recovery. If you're a tourist, schedule your appointment accordingly, minimize sun exposure, and avoid strenuous activity afterwards.","Avoid blood-thinning medications like aspirin or ibuprofen for one week prior to treatment. Bruising or swelling is possible, requiring 1-3 days recovery. If you're a tourist, schedule your appointment accordingly, minimize sun exposure, and avoid strenuous activity afterwards.","Avoid sun exposure, saunas, hot springs, and alcohol for a few days post-treatment. Gentle cleansing and makeup are usually fine the next day. Contact the clinic if redness or itching persists. Most normal activities can be resumed immediately.","Avoid sun exposure, saunas, hot springs, and alcohol for a few days post-treatment. Gentle cleansing and makeup are usually fine the next day. Contact the clinic if redness or itching persists. Most normal activities can be resumed immediately.",,
7d05e3b4-7216-5db8-9f9b-7efc92dc7376,treat-volume-filler-forehead-temple,볼륨 필러 (이마/관자놀이),Volume Filler (Forehead/Temples),dry|oily|combination|sensitive|normal,0.6,wrinkles|dullness,0.85,30,6~18개월마다 반복,5,300000,800000,"Volume Filler injections restore lost volume to the forehead and temples, enhancing facial contours. This simple procedure provides immediate volume with minimal swelling, allowing for a quick recovery.","Volume Filler injections restore lost volume to the forehead and temples, enhancing facial contours. This simple procedure provides immediate volume with minimal swelling, allowing for a quick recovery.","Avoid aspirin and anticoagulants for one week before the procedure. Bruising or swelling may occur, requiring 1-3 days of recovery. If you're visiting, schedule your appointment early in your trip to allow ample recovery time.","Avoid aspirin and anticoagulants for one week before the procedure. Bruising or swelling may occur, requiring 3-5 days of recovery. If you're visiting, schedule your appointment early in your trip to allow ample recovery time.","Avoid excessive sun exposure, saunas, hot springs, and alcohol for a few days after the procedure. Gentle cleansing is permitted, but avoid harsh rubbing of the treated area. Contact the clinic if swelling or bruising worsens. Normal activities can typically resume after 2-3 days.","Avoid excessive sun exposure, saunas, hot springs, and alcohol for a few days after the procedure. Gentle cleansing is permitted, but avoid harsh rubbing of the treated area. Contact the clinic if swelling or bruising worsens. Normal activities can typically resume after 2-3 days.",,
91ae2f24-aceb-545d-adce-22eed018b90e,treat-water-glow-injection-skinbooster,물광주사,Water Glow Injection,dry|normal|combination|sensitive,0.8,dryness|dullness|uneven_tone|wrinkles,0.75,30,3~4회 (2~4주 간격),3,150000,350000,"Water Glow Injection deeply hydrates the skin, providing instant moisture and radiance. By directly injecting hyaluronic acid, it helps improve skin tone and reduce fine lines, resulting in healthy, glowing skin in a short time.","Water Glow Injection deeply hydrates the skin, providing instant moisture and radiance. By directly injecting hyaluronic acid, it helps improve skin tone and reduce fine lines, resulting in healthy, glowing skin in a short time.","Consider a downtime of 1-3 days after the treatment. If you are a tourist, schedule your appointment with sufficient time to recover and avoid excessive sun exposure before and after the procedure. Also, discontinue aspirin or anticoagulant medications before the treatment.","Consider a downtime of 1-3 days after the treatment. If you are a tourist, schedule your appointment with sufficient time to recover and avoid excessive sun exposure before and after the procedure. Also, discontinue aspirin or anticoagulant medications before the treatment.","For a few days after the treatment, avoid strong sun exposure, saunas, hot springs, and alcohol. Light washing and makeup are possible from the next day. Consult the clinic if redness or swelling worsens. You can resume normal activities after a few days.","For a few days after the treatment, avoid strong sun exposure, saunas, hot springs, and alcohol. Light washing and makeup are possible from the next day. Consult the clinic if redness or swelling worsens. You can resume normal activities after a few days.",,
b8bb2cbe-d5e9-55b1-b44a-86c0328e8043,treat-juvederm-voluma-filler,쥬베덤 볼보 필러,Juvederm Volbella Filler,dry|oily|combination|sensitive|normal,0.6,wrinkles,0.9,30,12~18개월마다 반복,5,300000,700000,"Juvederm Volbella Filler enhances lips and smooths fine lines around the mouth. Expect natural volume and hydration with minimal swelling and bruising, allowing for a quick recovery.","Juvederm Volbella Filler enhances lips and smooths fine lines around the mouth. Expect natural volume and hydration with minimal swelling and bruising, allowing for a quick recovery.","Avoid blood thinners like aspirin or ibuprofen before treatment. Expect 1-3 days of recovery. If you are visiting, schedule your appointment accordingly, and minimize sun exposure, avoiding treatment right before any important event.","Avoid blood thinners like aspirin or ibuprofen before treatment. Expect 3-5 days of recovery. If you are visiting, schedule your appointment accordingly, and minimize sun exposure, avoiding treatment right before any important event.","Avoid saunas, hot springs, and alcohol for a few days after treatment. Swelling and bruising will subside naturally. Contact the clinic immediately if you experience severe pain or any adverse reactions. Light activities can be resumed immediately.","Avoid saunas, hot springs, and alcohol for a few days after treatment. Swelling and bruising will subside naturally. Contact the clinic immediately if you experience severe pain or any adverse reactions. Light activities can be resumed immediately.",,
3f4f0b26-1217-561a-87b2-fa8d609d5ee8,treat-chin-filler,턱끝 필러,Chin Filler,normal|dry|oily|combination|sensitive,0.7,uneven_tone,0.6,30,6~18개월마다 반복,5,200000,500000,"Chin fillers sculpt a more defined jawline and create a balanced facial profile. This quick procedure delivers noticeable results with minimal downtime, typically involving a few days of minor swelling and bruising.","Chin fillers sculpt a more defined jawline and create a balanced facial profile. This quick procedure delivers noticeable results with minimal downtime, typically involving a few days of minor swelling and bruising.",Avoid blood-thinning medications like aspirin or ibuprofen before treatment. Allow for 1-3 days of recovery. Tourists should schedule their appointment early in their trip to minimize disruption and avoid sun exposure immediately after the procedure.,Avoid blood-thinning medications like aspirin or ibuprofen before treatment. Allow for 3-5 days of recovery. Tourists should schedule their appointment early in their trip to minimize disruption and avoid sun exposure immediately after the procedure.,"Avoid alcohol, smoking, saunas, and hot springs for a few days after treatment. Light cleansing and makeup are usually fine the next day. Watch for signs of infection or excessive swelling; contact the clinic if you experience any concerning symptoms.","Avoid alcohol, smoking, saunas, and hot springs for a few days after treatment. Light cleansing and makeup are usually fine the next day. Watch for signs of infection or excessive swelling; contact the clinic if you experience any concerning symptoms.",,
c72711ff-5dd2-51d7-8dd3-6b1d45efbbc9,treat-hydrating-facial,수분 관리,Hydration Care,dry|sensitive|normal|combination|oily,0.95,dryness|dullness,0.9,45,2~4주 간격 반복,0,50000,120000,"Hydration Care deeply moisturizes the skin from within, combating dryness and restoring a radiant complexion. This treatment focuses on delivering and retaining moisture, strengthening the skin barrier and improving texture. Expect immediate hydration and a supple feel after the procedure.","Hydration Care deeply moisturizes the skin from within, combating dryness and restoring a radiant complexion. This treatment focuses on delivering and retaining moisture, strengthening the skin barrier and improving texture. Expect immediate hydration and a supple feel after the procedure.","Consultation regarding your skin condition is necessary before the treatment, and redness or slight swelling may occur afterwards. If receiving the treatment while traveling, schedule it with ample time, considering a 1-3 day recovery period. Minimize sun exposure and avoid harsh exfoliants.","Consultation regarding your skin condition is necessary before the treatment, and redness or slight swelling may occur afterwards. If receiving the treatment while traveling, schedule it with ample time, considering a minimal downtime (a few hours). Minimize sun exposure and avoid harsh exfoliants.","After the treatment, apply sunscreen diligently and avoid saunas, hot springs, and alcohol. Light activities can be resumed after 2-3 days, and focus on keeping your skin hydrated. If redness or itching worsens, consult a skincare professional.","After the treatment, apply sunscreen diligently and avoid saunas, hot springs, and alcohol. Light activities can be resumed after 2-3 days, and focus on keeping your skin hydrated. If redness or itching worsens, consult a skincare professional.",,
436deb0c-31da-5389-8a85-3fe2147d1a92,treat-calming-facial,진정 관리,Soothing Care,sensitive|normal|dry|combination|oily,0.95,redness|dryness,0.85,45,2~4주 간격 반복,0,50000,120000,"Soothing Care is a treatment designed to quickly calm and comfort irritated skin. It reduces redness and deeply hydrates, leaving your skin healthy and revitalized.","Soothing Care is a treatment designed to quickly calm and comfort irritated skin. It reduces redness and deeply hydrates, leaving your skin healthy and revitalized.","Before the treatment, ensure your skin is thoroughly assessed and avoid using exfoliating products that may cause irritation. Expect a downtime of 1-3 days. If you're traveling, schedule your treatment with ample time for recovery and minimize sun exposure afterward.","Before the treatment, ensure your skin is thoroughly assessed and avoid using exfoliating products that may cause irritation. Expect a downtime of minimal downtime. If you're traveling, schedule your treatment with ample time for recovery and minimize sun exposure afterward.","After the treatment, diligently protect your skin from the sun and avoid saunas, hot springs, and alcohol. Normal activities can usually resume after 2-3 days. Consult a specialist immediately if you experience severe redness or itching.","After the treatment, diligently protect your skin from the sun and avoid saunas, hot springs, and alcohol. Normal activities can usually resume after 2-3 days. Consult a specialist immediately if you experience severe redness or itching.",,
b6e6829e-f56d-5556-847d-a07863afb33a,treat-brightening-facial,미백 관리,Whitening Care,normal|dry|oily|combination|sensitive,0.7,dark_spots|dullness|uneven_tone|sun_damage,0.9,45,2~4주 간격 반복,0,60000,150000,Whitening Care is an intensive treatment to brighten and even out your skin tone. It improves dullness and restores a healthy radiance for a brighter complexion. Expect some sensitivity for a few days post-treatment.,Whitening Care is an intensive treatment to brighten and even out your skin tone. It improves dullness and restores a healthy radiance for a brighter complexion. Expect some sensitivity for a few days post-treatment.,Avoid strong sun exposure for at least one week before the treatment. Sensitive skin can diminish the effectiveness of the procedure. Allow for 1-3 days of recovery and adjust your travel schedule accordingly.,Avoid strong sun exposure for at least one week before the treatment. Sensitive skin can diminish the effectiveness of the procedure. Allow for minimal downtime of recovery and adjust your travel schedule accordingly.,"Apply sunscreen diligently after the treatment and avoid saunas or hot springs. Alcohol consumption can also slow down skin recovery. You can resume normal activities after a few days, but consult a professional immediately if you experience skin irritation or problems.","Apply sunscreen diligently after the treatment and avoid saunas or hot springs. Alcohol consumption can also slow down skin recovery. You can resume normal activities after a few days, but consult a professional immediately if you experience skin irritation or problems.",,
e08e9fbd-e380-5d24-9e50-cfb5d16cf73a,treat-korean-herbal-facial,한방 관리,Hanbang Treatment,dry|sensitive|normal|combination|oily,0.7,dryness|dullness|uneven_tone,0.6,45,2~4주 간격 반복,0,80000,180000,"Experience radiant and healthy skin with our Hanbang Treatment, a holistic approach rooted in traditional Korean herbal medicine. This treatment balances and revitalizes the skin for a naturally beautiful complexion. Enjoy a relaxing experience with subtle herbal scents.","Experience radiant and healthy skin with our Hanbang Treatment, a holistic approach rooted in traditional Korean herbal medicine. This treatment balances and revitalizes the skin for a naturally beautiful complexion. Enjoy a relaxing experience with subtle herbal scents.","A consultation to assess your skin's condition is crucial before treatment. Expect a downtime of 1-3 days. If you're a tourist, schedule your treatment accordingly, minimizing sun exposure and avoiding strenuous activities. Extra caution is needed due to increased skin sensitivity.","A consultation to assess your skin's condition is crucial before treatment. Expect a downtime of minimal downtime. If you're a tourist, schedule your treatment accordingly, minimizing sun exposure and avoiding strenuous activities. Extra caution is needed due to increased skin sensitivity.","For several days post-treatment, avoid sun exposure, saunas, hot springs, and alcohol. Resume normal activities after 2-3 days. Use gentle, non-irritating skincare products. Watch for signs of redness or itching and consult a specialist immediately.","For several days post-treatment, avoid sun exposure, saunas, hot springs, and alcohol. Resume normal activities after 2-3 days. Use gentle, non-irritating skincare products. Watch for signs of redness or itching and consult a specialist immediately.",,
f8a473e1-106d-5a60-8f5e-a5fb84c25e14,treat-acne-treatment-facial,여드름 관리,Acne Treatment,oily|combination|sensitive,0.95,acne|redness|pores,0.98,45,2~4주 간격 반복,1,60000,150000,Acne treatment targets excess oil and inflammation for clearer skin. Regular sessions help reduce breakouts and achieve a smoother complexion.,Acne treatment targets excess oil and inflammation for clearer skin. Regular sessions help reduce breakouts and achieve a smoother complexion.,"Before treatment, ensure your skin is assessed. Expect a 1-3 day recovery period. If you're traveling, minimize sun exposure and schedule your treatment accordingly.","Before treatment, ensure your skin is assessed. Expect a minimal downtime (a few hours). If you're traveling, minimize sun exposure and schedule your treatment accordingly.","After treatment, apply sunscreen diligently and avoid saunas, hot springs, and alcohol. Consult a specialist if redness or itching worsens. You can generally resume normal activities within a few days.","After treatment, apply sunscreen diligently and avoid saunas, hot springs, and alcohol. Consult a specialist if redness or itching worsens. You can generally resume normal activities within a few days.",,
cb0cba20-9847-561e-aeb6-8facdadfe379,treat-led-light-therapy,LED 테라피,LED Therapy,dry|oily|combination|sensitive|normal,0.7,acne|wrinkles|dark_spots|redness|pores|dullness|uneven_tone|sun_damage,0.75,20,"주 2~3회, 8~12회",0,30000,80000,LED Therapy uses specific light wavelengths to activate skin cells. It promotes collagen production for improved elasticity and helps soothe blemishes and even skin tone. You can typically return to your daily activities immediately after treatment.,LED Therapy uses specific light wavelengths to activate skin cells. It promotes collagen production for improved elasticity and helps soothe blemishes and even skin tone. You can typically return to your daily activities immediately after treatment.,"Avoid excessive sun exposure before your LED Therapy session. You may experience some redness or dryness afterward, typically resolving within 1-2 days. If you're getting this treatment while traveling, schedule it early in your trip to minimize sun exposure and apply sunscreen diligently.","Avoid excessive sun exposure before your LED Therapy session. You may experience some redness or dryness afterward, typically resolving within 1-2 days. If you're getting this treatment while traveling, schedule it early in your trip to minimize sun exposure and apply sunscreen diligently.","After treatment, apply sunscreen liberally and focus on moisturizing your skin. Avoid saunas, hot springs, and alcohol for a few days. You can usually resume wearing light makeup the next day. Watch for any unusual skin reactions and consult a professional if needed.","After treatment, apply sunscreen liberally and focus on moisturizing your skin. Avoid saunas, hot springs, and alcohol for a few days. You can usually resume wearing light makeup the next day. Watch for any unusual skin reactions and consult a professional if needed.",,
4556bf44-ba93-5cc7-a7a1-75172efdabe5,treat-oxygen-facial,산소 관리,Oxygen Care,normal|dry|oily|combination|sensitive,0.7,dullness|dryness|redness,0.65,45,2~4주 간격 반복,0,60000,150000,"Oxygen Care infuses your skin with pure oxygen for a brighter, healthier complexion. This treatment soothes and hydrates, strengthening the skin barrier and providing an instant, radiant glow.","Oxygen Care infuses your skin with pure oxygen for a brighter, healthier complexion. This treatment soothes and hydrates, strengthening the skin barrier and providing an instant, radiant glow.","Consult with a skincare professional about your skin condition before treatment. Some redness may occur, with a recovery period of 1-2 days. If receiving this treatment while traveling, minimize sun exposure and allow ample time for your skin to stabilize.","Consult with a skincare professional about your skin condition before treatment. Some redness may occur, with a recovery period of 1-2 days. If receiving this treatment while traveling, minimize sun exposure and allow ample time for your skin to stabilize.","For a few days after treatment, avoid strong sun exposure, saunas, and hot springs. It's also best to limit alcohol consumption. If redness or itching persists, consult a skincare professional. Normal activities can usually resume after 2-3 days.","For a few days after treatment, avoid strong sun exposure, saunas, and hot springs. It's also best to limit alcohol consumption. If redness or itching persists, consult a skincare professional. Normal activities can usually resume after 2-3 days.",,
ffb88142-8ed6-5eb2-9366-3989706cb94c,treat-gold-mask-facial,골드 마스크 관리,Gold Mask Treatment,dry|oily|combination|sensitive|normal,0.7,dryness|dullness|uneven_tone,0.65,45,2~4주 간격 반복,0,80000,200000,"The Gold Mask Treatment is a premium facial that nourishes and brightens the skin. Pure gold penetrates deeply to improve elasticity and even skin tone, delivering noticeable results quickly.","The Gold Mask Treatment is a premium facial that nourishes and brightens the skin. Pure gold penetrates deeply to improve elasticity and even skin tone, delivering noticeable results quickly.","Please consult with your aesthetician about your skin condition prior to treatment. Expect a downtime of 1-3 days. If you're traveling, minimize sun exposure and avoid strenuous activities immediately following the treatment.","Please consult with your aesthetician about your skin condition prior to treatment. Expect a downtime of minimal downtime. If you're traveling, minimize sun exposure and avoid strenuous activities immediately following the treatment.","After the treatment, protect your skin with sunscreen and avoid saunas, hot springs, and alcohol. You can resume normal activities after 2-3 days. Contact a professional immediately if you experience excessive redness or itching.","After the treatment, protect your skin with sunscreen and avoid saunas, hot springs, and alcohol. You can resume normal activities after 2-3 days. Contact a professional immediately if you experience excessive redness or itching.",,
13fa4312-00f1-5b33-ad11-60537430840d,treat-fat-dissolving-injection-double-chin,지방 분해 주사 (턱 아래),Fat Dissolving Injection (Submental Area),normal|oily|combination|dry|sensitive,0.75,uneven_tone,0.85,20,2~4회 (4~8주 간격),5,150000,400000,"Fat dissolving injections target stubborn fat under the chin, sculpting a more defined jawline. The procedure is quick and discomfort is minimal, with temporary swelling or bruising. Expect to see gradual results within 1-2 weeks.","Fat dissolving injections target stubborn fat under the chin, sculpting a more defined jawline. The procedure is quick and discomfort is minimal, with temporary swelling or bruising. Expect to see gradual results within 1-2 weeks.","Avoid aspirin or anticoagulants for a week before the injection. Expect some bruising and swelling, with a downtime of 1-3 days. If you're visiting, schedule your appointment early in your trip to allow ample recovery time.","Avoid aspirin or anticoagulants for a week before the injection. Expect some bruising and swelling, with a downtime of 3-5 days. If you're visiting, schedule your appointment early in your trip to allow ample recovery time.","Avoid direct sun exposure, saunas, and hot springs for a few days post-treatment. Refrain from alcohol to minimize inflammation. Light exercise is okay once the swelling subsides. Contact the clinic if you experience severe pain or adverse reactions.","Avoid direct sun exposure, saunas, and hot springs for a few days post-treatment. Refrain from alcohol to minimize inflammation. Light exercise is okay once the swelling subsides. Contact the clinic if you experience severe pain or adverse reactions.",,
df7b9e24-00b1-5b3f-ba6b-3650059f0b77,treat-coolsculpting-cryolipolysis,쿨스컬프팅 (냉동 지방 분해),CoolSculpting (Cryolipolysis),normal|oily|dry|combination|sensitive,0.7,,0.5,45,2~4회 (4~8주 간격),3,200000,600000,CoolSculpting uses controlled cooling to eliminate fat cells. Expect gradual fat reduction in targeted areas with little to no downtime. It's an effective way to contour your body and reduce localized fat deposits.,CoolSculpting uses controlled cooling to eliminate fat cells. Expect gradual fat reduction in targeted areas with little to no downtime. It's an effective way to contour your body and reduce localized fat deposits.,"Before CoolSculpting, ensure the treatment area is free from inflammation or skin conditions. Expect potential bruising or mild discomfort, typically with a 1-3 day recovery period. If you're a tourist, schedule your treatment early in your trip, and avoid intense sun exposure post-procedure.","Before CoolSculpting, ensure the treatment area is free from inflammation or skin conditions. Expect potential bruising or mild discomfort, typically with a 1-3 day recovery period. If you're a tourist, schedule your treatment early in your trip, and avoid intense sun exposure post-procedure.","After CoolSculpting, massage the treated area to enhance results. Avoid saunas, hot springs, and alcohol for a few days. You can resume normal activities immediately, but consult a doctor if swelling or pain intensifies. Protect the treated area from excessive sun exposure.","After CoolSculpting, massage the treated area to enhance results. Avoid saunas, hot springs, and alcohol for a few days. You can resume normal activities immediately, but consult a doctor if swelling or pain intensifies. Protect the treated area from excessive sun exposure.",,
226878d1-53f8-57aa-b002-08e947cf8c96,treat-inmode-body-tightening,인모드 바디 타이트닝,InMode Body Tightening,normal|dry|oily|combination|sensitive,0.7,,0.2,45,2~4회 (4~8주 간격),1,150000,400000,InMode Body Tightening uses radiofrequency energy to stimulate collagen production and improve skin elasticity. You can expect noticeable body contouring results with minimal downtime and a relatively quick treatment time.,InMode Body Tightening uses radiofrequency energy to stimulate collagen production and improve skin elasticity. You can expect noticeable body contouring results with minimal downtime and a relatively quick treatment time.,"Avoid blood thinners like aspirin or ibuprofen before treatment. Expect some swelling and bruising, typically with a 1-3 day recovery period. If you're traveling, schedule your treatment early in your trip, minimize sun exposure post-treatment, and avoid strenuous activities.","Avoid blood thinners like aspirin or ibuprofen before treatment. Expect some swelling and bruising, typically with a 1-3 day recovery period. If you're traveling, schedule your treatment early in your trip, minimize sun exposure post-treatment, and avoid strenuous activities.","After treatment, diligently apply sunscreen and avoid saunas, hot springs, and alcohol. You can usually resume normal activities immediately, but contact your provider if you experience excessive redness or itching. Pay extra attention to soothing your skin while traveling.","After treatment, diligently apply sunscreen and avoid saunas, hot springs, and alcohol. You can usually resume normal activities immediately, but contact your provider if you experience excessive redness or itching. Pay extra attention to soothing your skin while traveling.",,
e75eaf61-e7fa-525b-9b70-993caf9d954d,treat-body-lifting-laser,바디 리프팅 레이저,Body Lifting Laser,,0,wrinkles,0.75,45,2~4회 (4~8주 간격),2,200000,500000,"The Body Lifting Laser uses laser energy to improve elasticity in sagging skin. By stimulating collagen production, it delivers a natural lifting effect. Recovery is minimal, allowing you to quickly return to your daily activities.","The Body Lifting Laser uses laser energy to improve elasticity in sagging skin. By stimulating collagen production, it delivers a natural lifting effect. Recovery is minimal, allowing you to quickly return to your daily activities.","Prior to treatment, ensure a thorough skin assessment and consultation with a specialist. Expect a 1-3 day recovery period. If receiving treatment while traveling, minimize sun exposure and avoid strenuous activities.","Prior to treatment, ensure a thorough skin assessment and consultation with a specialist. Expect a 1-3 day recovery period. If receiving treatment while traveling, minimize sun exposure and avoid strenuous activities.","After treatment, diligently apply sunscreen and avoid saunas, hot springs, and alcohol. You can resume light activities after a few days. Contact the clinic if you experience significant swelling or redness.","After treatment, diligently apply sunscreen and avoid saunas, hot springs, and alcohol. You can resume light activities after a few days. Contact the clinic if you experience significant swelling or redness.",,
3fda40de-000a-592d-8c2f-3c08788ff2e5,treat-scalp-scaling,두피 스케일링,Scalp Scaling,oily|normal|combination|sensitive|dry,0.75,dryness|pores|redness,0.65,60,"주 1회, 8~12회",0,50000,120000,"Scalp scaling deeply cleanses pores and removes buildup, promoting a healthier scalp. Expect a refreshed scalp and improved hair growth potential. There's virtually no downtime, allowing you to return to your routine immediately.","Scalp scaling deeply cleanses pores and removes buildup, promoting a healthier scalp. Expect a refreshed scalp and improved hair growth potential. There's virtually no downtime, allowing you to return to your routine immediately.","Consult with a specialist if you have scalp inflammation or open wounds before treatment. If you're a tourist, allow for 1-2 days of relaxation afterward. Avoid direct and intense sun exposure immediately following the procedure.","Consult with a specialist if you have scalp inflammation or open wounds before treatment. If you're a tourist, allow for 1-2 days of relaxation afterward. Avoid direct and intense sun exposure immediately following the procedure.","Avoid saunas, hot springs, and alcohol for one week post-treatment. Shampoo as usual, gently massaging your scalp. If you experience excessive redness or itching, consult a doctor. You can generally resume normal activities the next day.","Avoid saunas, hot springs, and alcohol for one week post-treatment. Shampoo as usual, gently massaging your scalp. If you experience excessive redness or itching, consult a doctor. You can generally resume normal activities the next day.",,
f599736c-203c-5f7a-8532-9936e83805d5,treat-hair-mesotherapy,헤어 메조테라피,Hair Mesotherapy,normal|oily|dry|combination|sensitive,0.7,dryness,0.5,45,"주 1회, 8~12회",0,100000,250000,"Hair Mesotherapy involves direct injection of beneficial ingredients into the scalp to stimulate hair growth and scalp health. Effective for preventing hair loss and strengthening hair, it typically involves a short recovery period.","Hair Mesotherapy involves direct injection of beneficial ingredients into the scalp to stimulate hair growth and scalp health. Effective for preventing hair loss and strengthening hair, it typically involves a short recovery period.","Allow for a potential 1-3 day recovery period after the procedure. If planning this treatment during travel, minimize sun exposure and avoid strenuous activities. Schedule your appointment thoughtfully to accommodate your travel itinerary.","Allow for a potential 1-3 day recovery period after the procedure. If planning this treatment during travel, minimize sun exposure and avoid strenuous activities. Schedule your appointment thoughtfully to accommodate your travel itinerary.","For a few days post-treatment, avoid strong sunlight, saunas, hot springs, and alcohol. You can typically resume normal activities after a few days. Consult a professional immediately if you notice any unusual symptoms on your scalp.","For a few days post-treatment, avoid strong sunlight, saunas, hot springs, and alcohol. You can typically resume normal activities after a few days. Consult a professional immediately if you notice any unusual symptoms on your scalp.",,
cf8fc8ef-21a9-5953-bed6-e36231d140e0,treat-prp-hair-rejuvenation,PRP 모발 재생,PRP Hair Regeneration,normal|dry|oily|combination|sensitive,0.6,dryness,0.2,45,"주 1회, 8~12회",1,200000,500000,"PRP Hair Regeneration uses your own platelet-rich plasma to stimulate hair growth. The procedure involves injecting PRP into the scalp to boost hair density and slow hair loss. Expect minimal downtime, typically with some redness post-treatment.","PRP Hair Regeneration uses your own platelet-rich plasma to stimulate hair growth. The procedure involves injecting PRP into the scalp to boost hair density and slow hair loss. Expect minimal downtime, typically with some redness post-treatment.","Avoid aspirin or anticoagulants before the procedure. Expect a 1-3 day recovery period with possible redness. If you are a tourist, schedule your treatment early in your trip to allow for rest, and minimize sun exposure immediately after the procedure.","Avoid aspirin or anticoagulants before the procedure. Expect a 1-3 day recovery period with possible redness. If you are a tourist, schedule your treatment early in your trip to allow for rest, and minimize sun exposure immediately after the procedure.","Avoid strenuous exercise and alcohol for a few days post-treatment. Refrain from saunas and hot springs. Normal activities can resume quickly, but contact the clinic if you experience excessive redness or swelling. Protect your scalp with sunscreen when outdoors.","Avoid strenuous exercise and alcohol for a few days post-treatment. Refrain from saunas and hot springs. Normal activities can resume quickly, but contact the clinic if you experience excessive redness or swelling. Protect your scalp with sunscreen when outdoors.",,
7a6b76fb-2c24-54ec-8104-826b317b3bb8,treat-hydrafacial,하이드라페이셜,HydraFacial,dry|oily|combination|sensitive|normal,0.95,acne|pores|dryness|dullness|uneven_tone|redness,0.85,45,2~4주 간격 반복,0,80000,200000,"HydraFacial deeply cleanses, exfoliates, and hydrates the skin, delivering immediate and noticeable results. This non-invasive treatment revitalizes the complexion with minimal downtime.","HydraFacial deeply cleanses, exfoliates, and hydrates the skin, delivering immediate and noticeable results. This non-invasive treatment revitalizes the complexion with minimal downtime.","Avoid using harsh exfoliants prior to your HydraFacial. Expect mild redness for 1-2 days post-treatment. If you're traveling, schedule your appointment well in advance of important events and minimize sun exposure afterwards. Consider activity intensity when planning the procedure.","Avoid using harsh exfoliants prior to your HydraFacial. Expect mild redness for 1-2 days post-treatment. If you're traveling, schedule your appointment well in advance of important events and minimize sun exposure afterwards. Consider activity intensity when planning the procedure.","Following your HydraFacial, diligently apply sunscreen and avoid saunas and hot springs. Limit alcohol consumption to prevent inflammation. You can generally resume normal activities the next day. Monitor for any unusual redness or itching and consult a doctor if needed.","Following your HydraFacial, diligently apply sunscreen and avoid saunas and hot springs. Limit alcohol consumption to prevent inflammation. You can generally resume normal activities the next day. Monitor for any unusual redness or itching and consult a doctor if needed.",,
ad040358-8442-5957-865a-26bd3c8c7b83,treat-thread-lift,실리프팅 (쓰레드 리프트),Thread Lift,normal|dry|oily|combination|sensitive,0.7,wrinkles|dullness,0.9,60,1~2회 (12~18개월 유지),7,300000,1500000,"A Thread Lift uses special threads to instantly lift and tighten the skin, improving elasticity. This quick procedure offers noticeable results and relatively fast recovery. Expect a natural-looking lifting effect.","A Thread Lift uses special threads to instantly lift and tighten the skin, improving elasticity. This quick procedure offers noticeable results and relatively fast recovery. Expect a natural-looking lifting effect.","Please note that a 1-3 day recovery period may be needed. If you are visiting from abroad, schedule your treatment with ample time and minimize sun exposure. Avoid alcohol and aspirin intake before the procedure.","Please note that a 5-7 days recovery period may be needed. If you are visiting from abroad, schedule your treatment with ample time and minimize sun exposure. Avoid alcohol and aspirin intake before the procedure.","For the first few days after your Thread Lift, avoid strong sunlight, saunas, hot springs, and alcohol. Light activities are generally fine, but strenuous exercise should be avoided for about a week. Contact the clinic if you experience excessive swelling, bruising, or persistent pain.","For the first few days after your Thread Lift, avoid strong sunlight, saunas, hot springs, and alcohol. Light activities are generally fine, but strenuous exercise should be avoided for about a week. Contact the clinic if you experience excessive swelling, bruising, or persistent pain.",,
fbb16de8-238e-5ae4-92e2-58b878dc4a03,treat-vitamin-iv-drip-glutathione,비타민 수액 (글루타치온 IV),Vitamin Drip (Glutathione IV),dry|oily|combination|sensitive|normal,0.6,dullness|dark_spots|uneven_tone,0.75,30,1~2주 간격 (여행 중 1회도 가능),0,50000,200000,"This Glutathione IV drip delivers skin brightening and antioxidant benefits directly into your bloodstream. With a quick treatment time and no downtime, experience a radiant complexion from within.","This Glutathione IV drip delivers skin brightening and antioxidant benefits directly into your bloodstream. With a quick treatment time and no downtime, experience a radiant complexion from within.","A consultation with a doctor is essential to determine the right treatment plan for you. Mild bruising or swelling may occur with a 1-3 day recovery period. If you're visiting, schedule your treatment early in your trip and minimize sun exposure afterwards.","A consultation with a doctor is essential to determine the right treatment plan for you. Mild bruising or swelling may occur with a minimal downtime (a few hours). If you're visiting, schedule your treatment early in your trip and minimize sun exposure afterwards.","Protect your skin from the sun after treatment, and avoid alcohol, saunas, and hot springs for a few days. You can generally resume normal activities within a few days, but contact your doctor if you experience excessive redness, itching, or other unusual symptoms. Maintain good hygiene practices, especially while traveling.","Protect your skin from the sun after treatment, and avoid alcohol, saunas, and hot springs for a few days. You can generally resume normal activities within a few days, but contact your doctor if you experience excessive redness, itching, or other unusual symptoms. Maintain good hygiene practices, especially while traveling.",,
